<?xml version="1.0" encoding="UTF-8" standalone="yes"?>
<addon id="repository.modbox" name="Modbox Repo" version="1.0" provider-name="NZ Modbox">
    <extension point="xbmc.addon.repository" name="NZmodbox Repository">
        <dir>
            <info compressed="false">https://raw.githubusercontent.com/nzmodbox/repository.modbox/master/repo/zips/addons.xml</info>
            <checksum>https://raw.githubusercontent.com/nzmodbox/repository.modbox/master/repo/zips/addons.xml.md5</checksum>
            <datadir zip="true">https://raw.githubusercontent.com/nzmodbox/repository.modbox/master/repo/zips/</datadir>
        </dir>
    </extension>
    <extension point="xbmc.addon.metadata">
        <summary>Modbox Repo</summary>
        <description>Repository for the modbox wizard</description>
        <disclaimer></disclaimer>
        <platform>all</platform>
        <assets>
            <icon>icon.png</icon>
            <fanart>fanart.jpg</fanart>
        </assets>
    </extension>
</addon>
